epoch,accuracy,auc,learning_rate,loss,val_accuracy,val_auc,val_loss
0,0.8159157633781433,0.9057179093360901,0.0010000000474974513,0.39124348759651184,0.9004178047180176,0.9591732025146484,0.25857698917388916
1,0.9500696659088135,0.9886937737464905,0.0010000000474974513,0.1341850608587265,0.8969359397888184,0.961421549320221,0.2877597212791443
2,0.9904783964157104,0.9992036819458008,0.0005000000237487257,0.03311530128121376,0.8990250825881958,0.9595795273780823,0.3266872465610504
3,0.997600257396698,0.9999552965164185,0.0002500000118743628,0.009327694773674011,0.8934540152549744,0.9573981761932373,0.34621965885162354
